topic,topic_link,popularity
AI 产品经理入门手册,http://www.woshipm.com/topic/ai,共19篇文章36020人已学习进入专题
APP设计全方位解析,http://www.woshipm.com/topic/app-2,共27篇文章37098人已学习进入专题
APP运营推广实操指南,http://www.woshipm.com/topic/app,共25篇文章69459人已学习进入专题
ASO优化从入门到精通,http://www.woshipm.com/topic/aso,共21篇文章20822人已学习进入专题
CRM产品该如何设计和运营？,http://www.woshipm.com/topic/crm,共16篇文章27456人已学习进入专题
H5有了这些新玩法，还怕没灵感？,http://www.woshipm.com/topic/h5,共27篇文章22783人已学习进入专题
K12在线教育产品该如何设计和运营？,http://www.woshipm.com/topic/k12,共20篇文章25157人已学习进入专题
SaaS产品该如何设计和运营？,http://www.woshipm.com/topic/saas,共18篇文章27567人已学习进入专题
SEO/SEM怎么做？,http://www.woshipm.com/topic/seo,共12篇文章19117人已学习进入专题
TO B产品应如何设计和运营？,http://www.woshipm.com/topic/tob,共23篇文章55368人已学习进入专题
一个好的运营体系该如何搭建？,http://www.woshipm.com/topic/structure,共16篇文章24443人已学习进入专题
一份完整的运营方案应包含哪些方面？,http://www.woshipm.com/topic/project,共10篇文章49196人已学习进入专题
个性化推荐算法是什么，怎么做？,http://www.woshipm.com/topic/push,共12篇文章29898人已学习进入专题
事件营销应该怎么玩？,http://www.woshipm.com/topic/marketing,共13篇文章17975人已学习进入专题
互联网产品盈利模式解读,http://www.woshipm.com/topic/profit,共17篇文章21114人已学习进入专题
互联网金融产品的一些事儿,http://www.woshipm.com/topic/finance,共25篇文章43747人已学习进入专题
产品分析报告撰写指南,http://www.woshipm.com/topic/cpfx,共23篇文章92312人已学习进入专题
产品动效设计全方位科普指南,http://www.woshipm.com/topic/dynamic-effect,共22篇文章16661人已学习进入专题
产品思维那些事儿,http://www.woshipm.com/topic/%e4%ba%a7%e5%93%81%e6%80%9d%e7%bb%b4%e9%82%a3%e4%ba%9b%e4%ba%8b%e5%84%bf,共14篇文章24952人已学习进入专题
产品搜索功能设计指南,http://www.woshipm.com/topic/search,共20篇文章18350人已学习进入专题
产品新人入行须知,http://www.woshipm.com/topic/newbie,共18篇文章58393人已学习进入专题
产品流程设计：如何绘制业务流程图？,http://www.woshipm.com/topic/flowchart,共13篇文章28702人已学习进入专题
产品测试实用指南,http://www.woshipm.com/topic/test,共16篇文章22514人已学习进入专题
产品的商业模式,http://www.woshipm.com/topic/%e4%ba%a7%e5%93%81%e7%9a%84%e5%95%86%e4%b8%9a%e6%a8%a1%e5%bc%8f,共14篇文章42199人已学习进入专题
产品经理如何提高自身竞争力？,http://www.woshipm.com/topic/self,共24篇文章41959人已学习进入专题
产品经理必备文档技能,http://www.woshipm.com/topic/doc,共5篇文章75349人已学习进入专题
产品经理必懂的技术知识,http://www.woshipm.com/topic/js,共15篇文章99201人已学习进入专题
产品经理沟通那点事儿,http://www.woshipm.com/topic/gt,共12篇文章42114人已学习进入专题
产品经理面试指南,http://www.woshipm.com/topic/ms,共12篇文章62353人已学习进入专题
产品设计中的消息推送设计，需要注意哪些点？,http://www.woshipm.com/topic/push-3,共13篇文章17060人已学习进入专题
产品设计规范专题,http://www.woshipm.com/topic/standard,共13篇文章50206人已学习进入专题
产品项目总结,http://www.woshipm.com/topic/xm,共30篇文章79893人已学习进入专题
从0到1搭建支付系统架构,http://www.woshipm.com/topic/pay,共22篇文章18560人已学习进入专题
优惠券，应该如何设计？,http://www.woshipm.com/topic/coupon,共21篇文章21275人已学习进入专题
作为产品经理，应该如何做好产品规划？,http://www.woshipm.com/topic/product-plan,共13篇文章27654人已学习进入专题
你的2018年终总结是什么,http://www.woshipm.com/topic/2018sum,共21篇文章14509人已学习进入专题
促活：搭建用户激励体系，让用户持久活跃不变心,http://www.woshipm.com/topic/active,共26篇文章41780人已学习进入专题
做产品常挂嘴边的用户体验，到底是什么？,http://www.woshipm.com/topic/ux,共22篇文章26446人已学习进入专题
做好精细化运营，从用户分层开始,http://www.woshipm.com/topic/layering,共13篇文章18570人已学习进入专题
关于O2O，多的是你不知道的事儿！,http://www.woshipm.com/topic/o2o,共14篇文章16708人已学习进入专题
关于需求那点事儿,http://www.woshipm.com/topic/xuqiu,共14篇文章54825人已学习进入专题
内容个性化推荐的那些事儿,http://www.woshipm.com/topic/feeds,共16篇文章16922人已学习进入专题
内容付费的玩法你知多少？,http://www.woshipm.com/topic/tuition,共21篇文章26181人已学习进入专题
内容运营该怎么做？,http://www.woshipm.com/topic/content-2,共18篇文章17747人已学习进入专题
冷启动怎么做？,http://www.woshipm.com/topic/start,共20篇文章37640人已学习进入专题
创业ready go!,http://www.woshipm.com/topic/found,共23篇文章24221人已学习进入专题
区块链，如何影响我们的世界,http://www.woshipm.com/topic/blockchain,共22篇文章23491人已学习进入专题
区块链浪潮来袭，产品经理和运营人该如何应对？,http://www.woshipm.com/topic/blockchain-2,共15篇文章14993人已学习进入专题
品牌运营：让你的品牌快速占据客户脑海,http://www.woshipm.com/topic/brand,共12篇文章14500人已学习进入专题
在线教育你知多少？,http://www.woshipm.com/topic/e-education,共17篇文章16318人已学习进入专题
好的原型设计应该注意什么？,http://www.woshipm.com/topic/prototype,共14篇文章17574人已学习进入专题
好的复盘该怎么做？,http://www.woshipm.com/topic/%e5%a5%bd%e7%9a%84%e5%a4%8d%e7%9b%98%e8%af%a5%e6%80%8e%e4%b9%88%e5%81%9a%ef%bc%9f,共22篇文章17888人已学习进入专题
如何做好产品优化？,http://www.woshipm.com/topic/upgrade,共12篇文章15708人已学习进入专题
如何做好产品生命周期中的项目管理 ？,http://www.woshipm.com/topic/manage,共14篇文章30849人已学习进入专题
如何做裂变增长？,http://www.woshipm.com/topic/increase,共24篇文章23867人已学习进入专题
如何写好一份产品需求文档？,http://www.woshipm.com/topic/prd,共14篇文章28924人已学习进入专题
如何打造一款触动人心的APP？,http://www.woshipm.com/topic/apps,共20篇文章29566人已学习进入专题
如何扫除交互设计路上的障碍？,http://www.woshipm.com/topic/design,共22篇文章27855人已学习进入专题
如何把握产品设计的“节奏感”？,http://www.woshipm.com/topic/optimize,共14篇文章26796人已学习进入专题
如何玩转会员体系？,http://www.woshipm.com/topic/vip,共22篇文章19146人已学习进入专题
如何玩转内容营销？,http://www.woshipm.com/topic/content-marketing,共17篇文章15379人已学习进入专题
如何用Axure玩游戏,http://www.woshipm.com/topic/axuregame,共19篇文章24260人已学习进入专题
如何策划一次靠谱的线上活动,http://www.woshipm.com/topic/hd,共14篇文章39940人已学习进入专题
如何转行成为产品经理,http://www.woshipm.com/topic/change,共20篇文章41990人已学习进入专题
小程序该如何设计和运营？,http://www.woshipm.com/topic/program,共34篇文章49241人已学习进入专题
开源：万事开头难—如何获取种子用户？,http://www.woshipm.com/topic/obtain,共26篇文章32783人已学习进入专题
微信公众号运营实操指南,http://www.woshipm.com/topic/wechat,共25篇文章42968人已学习进入专题
怎么玩转社交电商？,http://www.woshipm.com/topic/social-shopping,共18篇文章16786人已学习进入专题
怎样玩转新媒体运营？,http://www.woshipm.com/topic/newmedia,共19篇文章18180人已学习进入专题
想唤醒用户又怕app被卸载怎么办？PUSH其实应该这么玩儿,http://www.woshipm.com/topic/push-2,共14篇文章25662人已学习进入专题
敏捷开发修炼之道,http://www.woshipm.com/topic/development,共17篇文章15076人已学习进入专题
数据产品经理，具体怎么做,http://www.woshipm.com/topic/dataproduct,共30篇文章12624人已学习进入专题
数据分析入门专题,http://www.woshipm.com/topic/data,共16篇文章58558人已学习进入专题
数据埋点从入门到精通,http://www.woshipm.com/topic/data-2,共18篇文章16935人已学习进入专题
文案进阶的必备利器,http://www.woshipm.com/topic/content,共28篇文章58322人已学习进入专题
无论产品or运营，“嘴上功夫”都hin重要！,http://www.woshipm.com/topic/communicate,共18篇文章23917人已学习进入专题
无论产品or运营，你都该懂点心理学,http://www.woshipm.com/topic/philosophy,共23篇文章16063人已学习进入专题
标题党修炼之道,http://www.woshipm.com/topic/title,共14篇文章36428人已学习进入专题
注册登录产品设计指南,http://www.woshipm.com/topic/zc,共18篇文章36985人已学习进入专题
流程图实操指南,http://www.woshipm.com/topic/lct,共12篇文章70990人已学习进入专题
深入浅出解析信息流,http://www.woshipm.com/topic/information,共17篇文章15986人已学习进入专题
用户反馈的那点事儿,http://www.woshipm.com/topic/feedback,共21篇文章15166人已学习进入专题
用户增长，这样做才有效！,http://www.woshipm.com/topic/%e7%94%a8%e6%88%b7%e5%a2%9e%e9%95%bf%ef%bc%8c%e8%bf%99%e6%a0%b7%e5%81%9a%e6%89%8d%e6%9c%89%e6%95%88%ef%bc%81,共16篇文章16805人已学习进入专题
用户思维没你想的那么难，关键在于如何运用,http://www.woshipm.com/topic/thinking,共14篇文章15318人已学习进入专题
用户画像这事儿，产品经理、运营人都应该懂！,http://www.woshipm.com/topic/picture,共20篇文章19267人已学习进入专题
用户留存：给用户一个坚持使用的理由,http://www.woshipm.com/topic/retain,共28篇文章17163人已学习进入专题
用户痛点二三事,http://www.woshipm.com/topic/pains,共13篇文章17234人已学习进入专题
电商产品后台系统设计科普,http://www.woshipm.com/topic/ebusiness,共16篇文章25734人已学习进入专题
电商购物车产品设计指南,http://www.woshipm.com/topic/cart,共20篇文章15528人已学习进入专题
电商运营的玩法你知多少？,http://www.woshipm.com/topic/e-commerce,共24篇文章17945人已学习进入专题
短视频产品该如何设计和运营？,http://www.woshipm.com/topic/shortvedio,共16篇文章16233人已学习进入专题
社群运营怎么做？,http://www.woshipm.com/topic/shequn,共10篇文章32281人已学习进入专题
积分体系怎么设计？,http://www.woshipm.com/topic/jifen,共17篇文章44081人已学习进入专题
竞品分析从入门到精通,http://www.woshipm.com/topic/jp,共19篇文章86674人已学习进入专题
节流 ：“变心”了的用户该怎么挽回 ？,http://www.woshipm.com/topic/dlg,共18篇文章30964人已学习进入专题
花钱也买不到的渠道运营经验，你一定不知道！,http://www.woshipm.com/topic/channel,共20篇文章15792人已学习进入专题
订单系统：从0到1设计思路,http://www.woshipm.com/topic/order,共14篇文章17846人已学习进入专题
论产品经理如何做市场调研,http://www.woshipm.com/topic/survey,共13篇文章18430人已学习进入专题
设计的后台不好用？看看这篇合集吧,http://www.woshipm.com/topic/login,共24篇文章36456人已学习进入专题
语音交互设计怎么做？,http://www.woshipm.com/topic/voicei,共26篇文章18786人已学习进入专题
跨境电商全面剖析,http://www.woshipm.com/topic/e-commerce-2,共17篇文章15579人已学习进入专题
踏入社交产品坑前，你需要get这些知识点,http://www.woshipm.com/topic/social,共10篇文章20704人已学习进入专题
转化 | 如何有效提升你的产品转化率？,http://www.woshipm.com/topic/conversion,共15篇文章17189人已学习进入专题
运营人如何提高自身竞争力？,http://www.woshipm.com/topic/promote,共31篇文章31457人已学习进入专题
运营人的自我修养,http://www.woshipm.com/topic/grow,共32篇文章72660人已学习进入专题
运营人面试指南,http://www.woshipm.com/topic/interview,共11篇文章19982人已学习进入专题
运营必备的数据运营知识,http://www.woshipm.com/topic/analysis,共26篇文章46276人已学习进入专题
运营新人入行手册,http://www.woshipm.com/topic/operate,共17篇文章17794人已学习进入专题
进击的人工智能,http://www.woshipm.com/topic/aitech,共22篇文章24536人已学习进入专题
